"Modulo_Macula","Modulo_Periferia","Jaccard"
"turquoise","turquoise",0.857764175257732
"yellow","turquoise",0.842854777281007
"blue","turquoise",0.804913765050439
"brown","turquoise",0.787937743190661
"green","brown",0.772417503586801
"blue","blue",0.76956826956827
"green","turquoise",0.760489795918367
"brown","brown",0.755590223608944
"turquoise","brown",0.755199735886431
"turquoise","blue",0.74655601659751
"brown","blue",0.731121479177467
"yellow","brown",0.723504633529907
"yellow","blue",0.721503912895543
"blue","brown",0.717149595687331
"red","turquoise",0.70812685827552
"brown","green",0.697822141560799
"green","green",0.69709388971684
"magenta","brown",0.692857142857143
"green","blue",0.691708499221049
"magenta","turquoise",0.683485477178423
"brown","yellow",0.668507303170645
"red","blue",0.662983425414365
"turquoise","yellow",0.662792656223682
"blue","yellow",0.658519430279585
"yellow","yellow",0.656403079076277
"turquoise","green",0.655195568239046
"red","brown",0.65515427769986
"pink","blue",0.653465346534653
"green","yellow",0.653135193910837
"blue","green",0.652341694439572
"pink","turquoise",0.652331520843632
"magenta","blue",0.651835775004522
"yellow","green",0.639958376690947
"magenta","green",0.637664346481052
"yellow","black",0.636722252106868
"red","yellow",0.623947614593078
"pink","brown",0.623910336239103
"red","black",0.622883829538821
"red","green",0.620792819745699
"turquoise","red",0.620069204152249
"magenta","red",0.619415109666937
"magenta","yellow",0.619320351279114
"turquoise","black",0.617512302732055
"pink","yellow",0.616811594202899
"blue","black",0.611199716462874
"black","turquoise",0.610540271793172
"blue","red",0.609377817853922
"black","blue",0.607235142118863
"brown","black",0.601383714741884
"black","yellow",0.595129677291625
"green","black",0.5915186661834
"black","brown",0.590261496844004
"green","red",0.589885566629753
"brown","red",0.587918981896397
"red","red",0.585872307393751
"yellow","red",0.585840707964602
"pink","green",0.585689884228506
"magenta","black",0.584046692607004
"pink","black",0.577633647798742
"black","green",0.573440250342265
"black","red",0.567483388704319
"pink","red",0.561804451510334
"black","black",0.558045628911771
"pink","magenta",0.552955922289534
"red","magenta",0.552193949108395
"magenta","purple",0.552068177094159
"blue","magenta",0.550912408759124
"black","magenta",0.545671512258624
"green","purple",0.537746585735964
"yellow","purple",0.536350418029807
"turquoise","magenta",0.536174600446812
"yellow","magenta",0.535071942446043
"greenyellow","black",0.532461777088411
"brown","purple",0.52967032967033
"red","purple",0.527500996412913
"turquoise","purple",0.524178282567544
"magenta","magenta",0.521362353889561
"pink","purple",0.519950382468472
"brown","magenta",0.518271827182718
"red","pink",0.516142470318684
"blue","purple",0.514393666786614
"green","magenta",0.513678373382625
"black","purple",0.513107004727116
"magenta","pink",0.509486250266468
"greenyellow","turquoise",0.508543393672813
"greenyellow","brown",0.507805153281926
"greenyellow","yellow",0.506957424714434
"greenyellow","blue",0.506669207317073
"greenyellow","green",0.506342274901227
"greenyellow","red",0.503230118066385
"brown","pink",0.490086045641601
"greenyellow","magenta",0.487064910630292
"black","pink",0.486377847253238
"greenyellow","purple",0.485245121370776
"blue","pink",0.48036866359447
"pink","pink",0.478039465308721
"yellow","pink",0.47612076852699
"turquoise","pink",0.472705146036161
"green","pink",0.47010662604722
"greenyellow","pink",0.467418546365915
"cyan","pink",0.430494585894059
"greenyellow","darkturquoise",0.398532317245272
"pink","greenyellow",0.394076418720326
"cyan","black",0.391578947368421
"cyan","magenta",0.391530267601975
"cyan","purple",0.389723320158103
"black","greenyellow",0.388664927673702
"greenyellow","greenyellow",0.385311044121677
"red","greenyellow",0.382629107981221
"cyan","steelblue",0.382270497547302
"cyan","yellow",0.382197802197802
"cyan","red",0.378397711015737
"greenyellow","steelblue",0.377453729669097
"cyan","blue",0.374801901743265
"cyan","green",0.373823593784198
"magenta","greenyellow",0.373797025371829
"black","darkturquoise",0.369172216936251
"red","darkturquoise",0.368884120171674
"magenta","steelblue",0.368867082961641
"black","midnightblue",0.367437284800787
"magenta","darkturquoise",0.362353978399824
"cyan","darkturquoise",0.362021857923497
"red","steelblue",0.359948486799742
"cyan","greenyellow",0.359946773120426
"pink","darkturquoise",0.358870967741935
"black","steelblue",0.357974803898265
"blue","greenyellow",0.355897243577724
"green","greenyellow",0.355729676787463
"cyan","brown",0.35498750720738
"cyan","cyan",0.353746397694524
"brown","greenyellow",0.353607857952399
"lightgreen","white",0.352750809061489
"lightgreen","darkred",0.349518627040603
"black","cyan",0.348791798877227
"yellow","greenyellow",0.347987386384715
"pink","steelblue",0.344119616157108
"brown","darkturquoise",0.343856979840243
"brown","steelblue",0.343600535680122
"turquoise","greenyellow",0.34319733846962
"green","darkturquoise",0.342980901752313
"blue","darkturquoise",0.342684993409904
"greenyellow","darkred",0.342639593908629
"greenyellow","cyan",0.342329545454545
"blue","steelblue",0.341915940931465
"cyan","turquoise",0.341772151898734
"pink","cyan",0.339453752582052
"pink","midnightblue",0.338349293205654
"yellow","darkturquoise",0.337625979843225
"red","cyan",0.335867912231154
"greenyellow","sienna3",0.334377670179436
"green","steelblue",0.333989372170833
"black","darkred",0.332215568862275
"lightgreen","midnightblue",0.33195535345184
"greenyellow","white",0.331443914081146
"greenyellow","thistle1",0.329500756429652
"red","midnightblue",0.329105760963027
"magenta","darkred",0.327494456762749
"greenyellow","midnightblue",0.327475592747559
"yellow","steelblue",0.326135517498139
"cyan","darkred",0.324720670391061
"red","darkred",0.324127595803896
"magenta","midnightblue",0.323822163238222
"black","sienna3",0.323522316043426
"lightgreen","pink",0.323322096230463
"turquoise","darkturquoise",0.323138762670395
"pink","darkred",0.321332133213321
"magenta","cyan",0.317467345583352
"turquoise","steelblue",0.317465873293665
"lightgreen","steelblue",0.315789473684211
"lightgreen","greenyellow",0.315632011967091
"green","midnightblue",0.315528196981732
"lightgreen","purple",0.315436241610738
"green","darkred",0.315141893232784
"pink","thistle3",0.315068493150685
"lightgreen","magenta",0.313031550068587
"red","sienna3",0.312916398022781
"lightgreen","red",0.312594458438287
"cyan","midnightblue",0.312564901349948
"black","paleturquoise",0.31243830207305
"magenta","sienna3",0.309771770440948
"cyan","orange",0.309769658459095
"brown","midnightblue",0.308073115003808
"saddlebrown","purple",0.306387789711702
"greenyellow","paleturquoise",0.305868748193119
"brown","darkred",0.305223171889839
"yellow","midnightblue",0.304941969299888
"greenyellow","ivory",0.304411764705882
"blue","cyan",0.304290304290304
"saddlebrown","darkred",0.304275633042756
"saddlebrown","paleturquoise",0.303643724696356
"yellow","darkred",0.303364485981308
"brown","cyan",0.303336510962822
"cyan","white",0.303019008572493
"saddlebrown","pink",0.3029836973239
"blue","midnightblue",0.302836746195754
"greenyellow","blue2",0.301270941652224
"black","lightcyan",0.300939663699308
"blue","darkred",0.300281162136832
"black","white",0.300074092368486
"yellow","sienna3",0.299359457422758
"greenyellow","thistle3",0.298630918425556
"saddlebrown","midnightblue",0.298593879239041
"greenyellow","lightcyan",0.298398835516739
"yellow","cyan",0.297848456501403
"turquoise","midnightblue",0.297730072144994
"lightgreen","green",0.297635288767622
"lightgreen","lightcyan",0.297381269418553
"green","sienna3",0.296201028888009
"pink","sienna3",0.296064400715564
"saddlebrown","magenta",0.295867768595041
"black","blue2",0.295726495726496
"lightgreen","yellow",0.295650203896692
"cyan","lightcyan",0.295623145400593
"saddlebrown","steelblue",0.29543666404406
"magenta","white",0.295014796266788
"lightgreen","sienna3",0.294940353763883
"lightgreen","black",0.294896485315359
"pink","lightcyan",0.294678131536138
"turquoise","darkred",0.29398351166462
"green","cyan",0.293367346938776
"cyan","sienna3",0.292767732962448
"red","thistle3",0.292603806228374
"lightgreen","paleturquoise",0.291161178509532
"saddlebrown","sienna3",0.290947368421053
"brown","sienna3",0.290053151100987
"pink","paleturquoise",0.289642529789184
"lightgreen","blue2",0.289313640312772
"black","thistle3",0.289188538405972
"black","ivory",0.289020187099951
"cyan","blue2",0.288888888888889
"saddlebrown","white",0.288627095604894
"saddlebrown","red",0.288046207935711
"magenta","paleturquoise",0.287956941018165
"turquoise","cyan",0.287443002455279
"lightgreen","cyan",0.286521388216303
"red","blue2",0.285559410234172
"orange","orange",0.285458879618594
"magenta","thistle3",0.285364768683274
"magenta","blue2",0.284977578475336
"blue","sienna3",0.284590900580416
"turquoise","sienna3",0.284256816182938
"saddlebrown","yellow",0.284054669703872
"greenyellow","orange",0.28309265944645
"orange","midnightblue",0.282535074987905
"cyan","darkorange",0.282348397064504
"lightgreen","brown",0.281899109792285
"lightgreen","darkturquoise",0.281589801274841
"red","paleturquoise",0.281492666091458
"red","white",0.280896431679722
"magenta","ivory",0.279032986895617
"black","orange",0.278969957081545
"greenyellow","darkorange",0.278937947494033
"saddlebrown","orangered4",0.278360819590205
"lightgreen","ivory",0.278341420379356
"magenta","thistle1",0.277853569804457
"saddlebrown","green",0.276378488767869
"lightgreen","blue",0.275786100540757
"red","ivory",0.275636838667538
"black","thistle1",0.275472624601031
"cyan","ivory",0.27546892239794
"saddlebrown","greenyellow",0.274953617810761
"saddlebrown","darkturquoise",0.274742071073749
"pink","ivory",0.274649505860722
"pink","thistle1",0.274305555555556
"lightgreen","orange",0.274170948155068
"saddlebrown","blue2",0.273609885260371
"pink","blue2",0.273469387755102
"brown","paleturquoise",0.273390970220941
"lightgreen","orangered4",0.272902603664417
"darkgreen","steelblue",0.272689425478768
"darkgreen","pink",0.272264631043257
"magenta","lightcyan",0.271182651464342
"cyan","thistle3",0.271180432470755
"pink","white",0.270861833105335
"red","thistle1",0.270028378083388
"green","blue2",0.269882399840542
"green","thistle3",0.269329642080285
"green","white",0.268845228548516
"red","lightcyan",0.26865028029323
"saddlebrown","black",0.267831498324557
"blue","thistle3",0.267709118311982
"darkgreen","cyan",0.267667844522968
"blue","paleturquoise",0.267613636363636
"darkgreen","greenyellow",0.267326732673267
"cyan","paleturquoise",0.266952177016417
"brown","white",0.266910772788591
"saddlebrown","orange",0.26663475347056
"green","paleturquoise",0.265965886552955
"darkgreen","white",0.264791464597478
"skyblue","darkred",0.264562027567808
"darkgreen","magenta",0.264289756649689
"lightgreen","darkorange",0.263206247129077
"cyan","thistle1",0.263177294507925
"yellow","thistle3",0.263069454817028
"lightgreen","thistle1",0.263041556145004
"brown","thistle3",0.26283873412924
"saddlebrown","brown",0.262181889919116
"saddlebrown","lightcyan",0.262105730786317
"brown","ivory",0.261271676300578
"darkgreen","orangered4",0.259902333152469
"yellow","paleturquoise",0.259876427635274
"brown","blue2",0.25971058644326
"green","ivory",0.25944433339996
"blue","blue2",0.258903335217637
"darkgreen","lightcoral",0.258557135334387
"darkgreen","darkred",0.258553486357731
"black","darkorange",0.258471432104873
"saddlebrown","cyan",0.257999189955448
"greenyellow","lightcoral",0.257405213270142
"blue","lightcyan",0.257294429708223
"darkgreen","midnightblue",0.257142857142857
"lightgreen","lightcoral",0.25661252900232
"yellow","blue2",0.25645342312009
"cyan","lightcoral",0.255938697318008
"darkgreen","orange",0.255862428348098
"darkgreen","paleturquoise",0.255660377358491
"pink","darkorange",0.255640846708537
"darkgreen","red",0.255581216320246
"magenta","darkorange",0.25523679417122
"lightgreen","mediumorchid",0.254573967590172
"orange","cyan",0.254554170661553
"darkgreen","darkturquoise",0.254552812626467
"blue","white",0.25406120136003
"darkgreen","purple",0.253859348198971
"turquoise","paleturquoise",0.253162333099086
"darkgreen","ivory",0.252427184466019
"thistle2","ivory",0.252317198764161
"brown","lightcyan",0.252096036585366
"turquoise","thistle3",0.252008382815229
"pink","lightcoral",0.251986909770921
"green","lightcyan",0.251434223541048
"saddlebrown","blue",0.25134328358209
"skyblue","magenta",0.250638660232756
"yellow","ivory",0.250611476952023
"skyblue","steelblue",0.250521920668058
"yellow","white",0.250468340202323
"pink","orange",0.249941873982795
"cyan","orangered4",0.249513429349942
"green","thistle1",0.249500998003992
"skyblue","pink",0.249365482233503
"lightgreen","turquoise",0.249365159979685
"thistle2","white",0.249365159979685
"black","lightcoral",0.248700816629547
"black","orangered4",0.248557812891899
"turquoise","blue2",0.248203330411919
"skyblue","midnightblue",0.248133509003074
"skyblue","thistle1",0.247858942065491
"thistle2","paleturquoise",0.247642679900744
"darkgreen","blue2",0.247058823529412
"blue","ivory",0.246887966804979
"magenta","orange",0.246821071752952
"skyblue","darkturquoise",0.24661469019286
"skyblue","greenyellow",0.246227164416203
"blue","thistle1",0.246206373292868
"yellow","lightcyan",0.246171087037729
"yellow","thistle1",0.245709975485574
"cyan","yellowgreen",0.245643153526971
"darkgreen","darkorange",0.2452636968766
"darkgreen","sienna3",0.244503078276165
"skyblue","cyan",0.243578387953942
"thistle2","thistle",0.24315297261189
"orange","orangered4",0.242642642642643
"turquoise","white",0.242365742365742
"thistle2","blue2",0.242303872889772
"turquoise","lightcyan",0.242057223099877
"skyblue","white",0.241345685031692
"saddlebrown","darkorange",0.24093023255814
"magenta","lightcoral",0.240308320108819
"orange","darkred",0.240299205236092
"skyblue","darkorange",0.240188383045526
"red","orange",0.239973844812554
"orange","paleturquoise",0.239835306227483
"skyblue","ivory",0.239783357951748
"brown","thistle1",0.239756051076806
"skyblue","green",0.239702117756574
"darkgreen","mediumorchid",0.239285714285714
"darkgreen","lightcyan",0.238706609605326
"thistle2","midnightblue",0.238651685393258
"skyblue","purple",0.238613577771412
"darkgreen","yellow",0.238193489225126
"skyblue","red",0.238083034341363
"orange","steelblue",0.237969094922737
"orange","thistle1",0.237682728749323
"saddlebrown","thistle3",0.237452551665964
"skyblue","thistle3",0.236977944626936
"skyblue","lightcyan",0.236867704280156
"saddlebrown","turquoise",0.236529989833955
"lightgreen","thistle3",0.236065573770492
"turquoise","ivory",0.235933391761613
"orange","blue2",0.235567010309278
"darkgreen","green",0.235159294063718
"orange","pink",0.234596375617792
"saddlebrown","thistle1",0.234430604982206
"turquoise","thistle1",0.234154929577465
"orange","white",0.233630172865375
"red","lightcoral",0.233195562323254
"darkgreen","black",0.232886723507917
"skyblue","paleturquoise",0.232811759127549
"thistle2","pink",0.232245681381958
"orange","darkturquoise",0.231934227607097
"thistle2","darkred",0.231799910674408
"red","darkorange",0.23134971970677
"green","darkorange",0.231338803281969
"saddlebrown","ivory",0.231307389593354
"thistle2","thistle3",0.231289232254949
"thistle2","cyan",0.231117141564903
"orange","darkorange",0.230378317334839
"skyblue","sienna3",0.230222222222222
"brown","darkorange",0.229911572472126
"cyan","mediumorchid",0.229813664596273
"thistle2","steelblue",0.228981833544571
"darkgreen","yellowgreen",0.228355607205113
"thistle2","orange",0.228013029315961
"blue","orange",0.227324695121951
"thistle2","magenta",0.227272727272727
"greenyellow","yellowgreen",0.226514215080346
"green","lightcoral",0.225877632898696
"skyblue","yellow",0.225665748393021
"thistle2","red",0.225148463723212
"greenyellow","orangered4",0.224926686217009
"orange","greenyellow",0.224854530340815
"darkgreen","thistle1",0.224794983116257
"skyblue","black",0.2243448444771
"pink","orangered4",0.22322461253759
"skyblue","blue2",0.223062381852552
"thistle2","black",0.222443393879074
"yellow","darkorange",0.221616541353383
"blue","darkorange",0.221277399848828
"darkgreen","blue",0.220899737744604
"magenta","orangered4",0.220741075463172
"green","orange",0.220099502487562
"red","orangered4",0.219995643650621
"thistle2","purple",0.219568345323741
"brown","orange",0.219353604895774
"darkgreen","lavenderblush3",0.218988218988219
"brown","lightcoral",0.218791946308725
"yellow","orange",0.217939074840165
"saddlebrown","lightcoral",0.217431617987946
"thistle2","darkorange",0.21618743343983
"turquoise","darkorange",0.216173361522199
"darkgreen","brown2",0.216147488874762
"skyblue","orange",0.215950284826515
"skyblue","orangered4",0.21505376344086
"thistle2","thistle1",0.214939024390244
"darkgreen","brown",0.214426487977927
"darkgreen","thistle3",0.214221422142214
"thistle2","orangered4",0.213847012841988
"saddlebrown","mediumorchid",0.213612565445026
"thistle2","sienna3",0.213025780189959
"orange","mediumorchid",0.212864721485411
"yellow","lightcoral",0.212582159624413
"thistle2","greenyellow",0.212554628526023
"orange","yellowgreen",0.212377850162866
"cyan","brown2",0.212029424491562
"saddlebrown","magenta4",0.211180124223602
"thistle2","lightcyan",0.210941350418926
"skyblue","blue",0.209856594627348
"orange","magenta",0.209816303099885
"thistle2","green",0.209554581121625
"thistle2","darkturquoise",0.209340434248259
"turquoise","orange",0.208889669711876
"blue","lightcoral",0.208317651486639
"brown","orangered4",0.206678180771445
"thistle2","yellow",0.206476802939825
"black","yellowgreen",0.205763397371082
"thistle2","lightcoral",0.205376344086022
"lightcyan1","lightcyan",0.205020920502092
"green","orangered4",0.204744816586922
"skyblue","brown",0.204581358609795
"lightcyan1","darkturquoise",0.204388984509466
"darkgreen","palevioletred3",0.204366282595512
"skyblue","lightcoral",0.20434557682359
"orange","thistle3",0.20384047267356
"orange","lightcyan",0.203684749232344
"orange","red",0.203631647211414
"cyan","palevioletred3",0.203517587939698
"blue","orangered4",0.202991857602727
"darkgreen","magenta4",0.202898550724638
"turquoise","lightcoral",0.201997196916608
"lightgreen","mediumpurple2",0.201912260967379
"lightcyan1","midnightblue",0.201754385964912
"greenyellow","mediumorchid",0.201037217815741
"lightgreen","yellowgreen",0.200394866732478
"orange","sienna3",0.200279459711225
"yellow","orangered4",0.199586932031543
"orange","ivory",0.199484536082474
"orange","purple",0.198665893271462
"pink","yellowgreen",0.19811320754717
"thistle2","yellowgreen",0.198049969530774
"lightcyan1","greenyellow",0.197933884297521
"darkgreen","turquoise",0.197558080379854
"lightcyan1","sienna3",0.196876478939896
"turquoise","orangered4",0.195319373570297
"lightgreen","thistle",0.193945613134941
"cyan","magenta4",0.193768672641912
"thistle2","blue",0.192727272727273
"lightgreen","lavenderblush3",0.192307692307692
"thistle2","brown",0.191598969684961
"orange","yellow",0.191390881740338
"magenta","mediumorchid",0.191003460207612
"orange","black",0.190688459633482
"black","mediumorchid",0.18925702811245
"orange","lightcoral",0.188542825361513
"magenta","yellowgreen",0.18851521390986
"skyblue","palevioletred3",0.188387893761581
"greenyellow","magenta4",0.187007253232419
"orange","green",0.186691312384473
"skyblue","brown2",0.186538461538462
"lightgreen","magenta4",0.186467767714438
"orange","magenta4",0.186246418338109
"red","yellowgreen",0.185535282479666
"darkgreen","thistle",0.185250737463127
"pink","mediumorchid",0.184976525821596
"skyblue","turquoise",0.184433164128596
"thistle2","mediumorchid",0.1843233312921
"skyblue","yellowgreen",0.184073860357761
"lightcyan1","pink",0.184058898847631
"greenyellow","palevioletred3",0.18403205918619
"lightcyan1","steelblue",0.183848797250859
"lightcyan1","purple",0.182344428364689
"skyblue","thistle",0.182149362477231
"lightcyan1","magenta",0.182127659574468
"lightcyan1","thistle3",0.181370133070478
"red","mediumorchid",0.180837004405286
"greenyellow","thistle",0.180568285976169
"lightcyan1","yellow",0.180282342050451
"lightgreen","brown2",0.179799048122686
"skyblue","mediumorchid",0.177842565597668
"saddlebrown","mediumpurple2",0.177650429799427
"darkgreen","mediumpurple2",0.177346278317152
"cyan","thistle",0.177163754571312
"lightcyan1","white",0.176440591534931
"black","palevioletred3",0.176381145463761
"black","thistle",0.17624810892587
"lightcyan1","darkred",0.17607223476298
"lightcyan1","green",0.175600739371534
"lightcyan1","red",0.174724993604502
"lightcyan1","paleturquoise",0.174626865671642
"saddlebrown","lavenderblush3",0.173529411764706
"green","mediumorchid",0.173508594539939
"orange","blue",0.173411574261433
"cyan","lavenderblush3",0.173315602836879
"pink","thistle",0.171967020023557
"orange","mediumpurple2",0.171278982797307
"lightcyan1","ivory",0.171120246659815
"red","palevioletred3",0.171040925266904
"lightcyan1","palevioletred3",0.170138888888889
"thistle2","magenta4",0.170099667774086
"thistle2","turquoise",0.169881556683587
"saddlebrown","brown2",0.16984213391399
"magenta","thistle",0.169577205882353
"brown","mediumorchid",0.168921530730576
"brown","yellowgreen",0.16878123798539
"green","yellowgreen",0.168402082498999
"blue","yellowgreen",0.168250950570342
"thistle2","brown2",0.168100595632032
"lightcyan1","brown",0.167762502490536
"greenyellow","brown2",0.167647970251007
"black","brown2",0.167646307181191
"pink","palevioletred3",0.167098750883809
"thistle2","palevioletred3",0.166984126984127
"skyblue","mediumpurple2",0.166666666666667
"saddlebrown","yellowgreen",0.166253101736973
"skyblue","magenta4",0.166035353535354
"lightcyan1","black",0.165523996082272
"orange","brown2",0.164912280701754
"saddlebrown","thistle",0.164419087136929
"yellow","yellowgreen",0.164030131826742
"orange","brown",0.163876304904471
"magenta","palevioletred3",0.163223140495868
"orange","palevioletred3",0.163087248322148
"cyan","mediumpurple2",0.162800687285223
"blue","mediumorchid",0.16238828674653
"lightcyan1","blue2",0.162295893122217
"lightcyan1","blue",0.160880096891401
"lightcyan1","orange",0.160704457897633
"brown4","mediumorchid",0.160699417152373
"lightcyan1","darkorange",0.160675381263617
"turquoise","yellowgreen",0.160556926330631
"black","magenta4",0.160396542958821
"lightcyan1","cyan",0.160343270099368
"lightcyan1","thistle",0.160326086956522
"yellow","mediumorchid",0.160188679245283
"lightcyan1","magenta4",0.16017316017316
"orange","lavenderblush3",0.158461538461538
"red","thistle",0.158125273762593
"lightcyan1","lightcoral",0.157982261640798
"lightgreen","palevioletred3",0.157788944723618
"lightcyan1","thistle1",0.156589147286822
"turquoise","mediumorchid",0.156343744485618
"brown4","orange",0.155704697986577
"green","thistle",0.154543622808785
"brown4","darkred",0.154006243496358
"pink","magenta4",0.153846153846154
"pink","brown2",0.153700638448806
"magenta","magenta4",0.153223942685463
"brown4","darkorange",0.152676801057502
"green","palevioletred3",0.152463651050081
"brown4","lightcyan",0.151351351351351
"magenta","brown2",0.151221761180267
"blue","palevioletred3",0.150918133129304
"orange","turquoise",0.150363237033283
"brown","thistle",0.150144369586141
"brown4","midnightblue",0.149377593360996
"thistle2","mediumpurple2",0.149243466299862
"saddlebrown","palevioletred3",0.148914167528438
"blue","thistle",0.148725751236211
"red","brown2",0.14791067875304
"red","magenta4",0.147533731475337
"yellow","thistle",0.146415094339623
"yellow","palevioletred3",0.145100264850549
"lightcyan1","turquoise",0.144961896697714
"greenyellow","mediumpurple2",0.144548286604361
"brown","palevioletred3",0.144175317185698
"lightcyan1","mediumorchid",0.143866409762364
"turquoise","thistle",0.143865842894969
"black","mediumpurple2",0.141581632653061
"greenyellow","lavenderblush3",0.140782828282828
"brown4","brown2",0.13953488372093
"turquoise","palevioletred3",0.139403564496206
"brown","magenta4",0.138345281922108
"skyblue","lavenderblush3",0.138162307176392
"lightcyan1","orangered4",0.13795045045045
"brown4","white",0.137440758293839
"orange","thistle",0.137305699481865
"blue","brown2",0.137172374210828
"brown4","paleturquoise",0.137096774193548
"brown","brown2",0.136697602474865
"blue","magenta4",0.135755258126195
"green","brown2",0.135658133440839
"brown4","steelblue",0.134035423647678
"yellow","magenta4",0.133750711439954
"green","magenta4",0.133480974431246
"brown4","mediumpurple2",0.132132132132132
"brown4","thistle3",0.131756756756757
"black","lavenderblush3",0.131471040492055
"pink","mediumpurple2",0.131205673758865
"magenta","mediumpurple2",0.130334486735871
"yellow","brown2",0.130007558578987
"brown4","blue2",0.128883774453395
"thistle2","lavenderblush3",0.127361791462561
"turquoise","brown2",0.126919682259488
"brown4","cyan",0.126484254001033
"turquoise","magenta4",0.126014825273562
"brown4","pink",0.124617996604414
"brown4","greenyellow",0.123937360178971
"brown4","orangered4",0.123024054982818
"pink","lavenderblush3",0.120199146514936
"red","mediumpurple2",0.119701295848891
"red","lavenderblush3",0.118561278863233
"brown","mediumpurple2",0.118090452261307
"green","mediumpurple2",0.117611458543474
"brown4","darkturquoise",0.117183881426586
"magenta","lavenderblush3",0.116751269035533
"brown4","sienna3",0.116206357477853
"brown4","red",0.115976645435244
"lightcyan1","yellowgreen",0.115692307692308
"brown4","magenta",0.114715423179003
"brown4","thistle1",0.114388922335942
"yellow","mediumpurple2",0.113086232980333
"brown4","thistle",0.112889637742207
"blue","mediumpurple2",0.112167300380228
"brown4","yellowgreen",0.110591900311526
"green","lavenderblush3",0.110210696920583
"blue","lavenderblush3",0.108558299827685
"turquoise","mediumpurple2",0.106809783565018
"yellow","lavenderblush3",0.106552706552707
"brown4","lightcoral",0.105912930474334
"brown","lavenderblush3",0.104999034935341
"brown4","palevioletred3",0.10468085106383
"brown4","ivory",0.104495037945126
"brown4","yellow",0.104005621925509
"brown4","green",0.102485928705441
"lightcyan1","mediumpurple2",0.10239651416122
"turquoise","lavenderblush3",0.100706713780919
"lightcyan1","brown2",0.100341296928328
"brown4","purple",0.099940511600238
"brown4","lavenderblush3",0.0995893223819302
"brown4","black",0.0992961287078934
"lightcyan1","lavenderblush3",0.0987189148455162
"brown4","blue",0.0915750915750916
"brown4","brown",0.0906555090655509
"brown4","magenta4",0.0824468085106383
"brown4","turquoise",0.080522122393626
